timestamp,temperature_C,humidity_%,flow_rate_Lmin,power_draw_W,pressure_bar,fault_risk
2023-01-01 00:00:00,24.483570765056164,68.75503447989607,9.665763839366292,1230.5747420940606,1.9223611811998693,1
2023-01-01 01:00:00,21.308678494144075,64.24669828013472,10.293427372866645,1305.6771922978696,2.479594151151415,1
2023-01-01 02:00:00,25.23844269050346,51.36580355387078,12.413017933016715,1740.0827815888852,2.1682758343823716,0
2023-01-01 03:00:00,29.61514928204013,89.19091492757877,8.366128658025527,1368.6211442057208,1.9113559045912518,0
2023-01-01 04:00:00,20.829233126383322,66.34648916141323,10.737346617745802,1290.617803463612,2.2090863213532206,0
2023-01-01 05:00:00,20.8293152152541,44.233607504159664,9.213322375345278,1607.3305505054573,1.899854153073197,1
2023-01-01 06:00:00,29.896064077536955,36.106948357224226,10.057489645869635,1737.1408309325993,2.3519373912759924,1
2023-01-01 07:00:00,25.837173645764544,39.171548351059926,12.556903725214598,1643.7906621330133,2.110892657659428,0
2023-01-01 08:00:00,19.65262807032524,44.757463703070485,10.382198136039806,1699.2095371611633,1.9678093567987314,1
2023-01-01 09:00:00,24.712800217929825,39.64088239557334,10.092873096312298,1348.6409822861078,2.134315077743083,1
2023-01-01 10:00:00,19.682911535937688,41.19402144307834,7.280287718040162,1215.6378666516312,1.5287371543794501,0
2023-01-01 11:00:00,19.671351232148716,47.10571012163082,11.492507132054442,1800.2667303910973,1.6619697593270584,0
2023-01-01 12:00:00,23.20981135783017,40.40241571768529,11.29096836228215,1435.464032231573,1.6418224980802834,0
2023-01-01 13:00:00,12.43359877671101,83.8059254775855,14.32650944661092,1449.8333967089904,2.042882928429112,1
2023-01-01 14:00:00,13.375410837434837,34.81402473969853,9.384443530093998,1765.6388283698116,2.5197544998455275,1
2023-01-01 15:00:00,19.188562353795135,61.470683374215284,10.438300655327877,1611.246001880132,2.6693900438577898,0
2023-01-01 16:00:00,16.93584439832788,54.62380961937969,10.498767367421511,1591.1775544163215,2.191415330432227,1
2023-01-01 17:00:00,23.571236662976368,88.94271701451638,13.15490655952695,1933.0004689802167,2.150253342483337,0
2023-01-01 18:00:00,17.459879622393945,36.72233413008314,9.809408935226095,1371.2963539239713,1.4596826797541782,0
2023-01-01 19:00:00,14.938481493323543,53.871335942744494,10.558043051540679,1685.5680256162475,1.8371978600797936,0
2023-01-01 20:00:00,29.32824384460777,88.16822599652212,11.215793019433079,1511.402624979417,1.7636648744275283,0
2023-01-01 21:00:00,20.871118497567323,81.93042755363882,10.373218246312716,1553.7184557726514,1.8137457205246652,1
2023-01-01 22:00:00,22.33764102343962,79.02432425695679,9.107132770898943,1805.6936852825063,1.9495568544245632,0
2023-01-01 23:00:00,14.876259068932717,45.474169622696394,10.388179985796615,1601.5671512579247,1.8583728266908617,0
2023-01-02 00:00:00,19.278086377374088,40.25325524340395,12.147263499719545,1607.6592158099265,1.4062100568872637,0
2023-01-02 01:00:00,22.55461294854933,70.11859319546586,7.9469694011778795,1714.5014674619604,2.2243730768352603,1
2023-01-02 02:00:00,16.245032112888488,85.76255934765516,10.265939348293752,1427.0094540914229,1.6781770922780581,1
2023-01-02 03:00:00,23.87849009172836,63.405773580835785,8.599758370121654,1332.1580665321987,2.071774059233345,0
2023-01-02 04:00:00,18.996806550405974,64.29676136819398,12.390093257849685,1291.0381611957932,2.622224800924992,0
2023-01-02 05:00:00,20.541531251033618,46.79874561961705,6.95362619043245,1106.7286821247997,1.724184622524073,0
2023-01-02 06:00:00,18.991466938853016,76.16957599151621,8.882156305456823,1911.2414259880643,1.240913743176101,1
2023-01-02 07:00:00,31.261390922544688,41.2226249134514,10.754423750129043,1279.3583268556633,1.9141987334359667,0
2023-01-02 08:00:00,21.93251387631033,49.42075418425462,13.13104805846868,1455.7492752828457,2.330287890499571,0
2023-01-02 09:00:00,16.711445355220498,55.526186316985005,9.868499477854025,1444.6373400222158,2.587504236266178,0
2023-01-02 10:00:00,26.112724560515943,60.456622721067305,8.889600946613603,1561.48133956182,1.6311351216642749,0
2023-01-02 11:00:00,15.895781750144888,44.544583944904815,13.76231413888118,1663.1474425078593,2.1490097669709565,1
2023-01-02 12:00:00,23.044317975023777,36.89020948435221,7.1039721991675115,1672.094697671949,1.860406862965984,0
2023-01-02 13:00:00,12.201649380601122,66.63720254649795,5.602388086759836,1383.3845122862124,1.9682154937087593,1
2023-01-02 14:00:00,15.359069755507846,47.31783319441534,10.880028900106664,1466.5756572427176,2.7933030041051103,0
2023-01-02 15:00:00,22.984306179345616,64.87429328535674,8.995891551294777,1556.5159900976598,1.549108901481454,0
2023-01-02 16:00:00,25.692332899977053,39.26176291645214,7.9575343657385735,1450.2617747632905,2.0761218984483722,0
2023-01-02 17:00:00,22.85684140594985,58.86840611128905,11.416712894598707,1821.4691152039986,2.14030795152963,0
2023-01-02 18:00:00,21.421758588058797,61.95536595309515,10.487601427542398,1598.1949903276502,2.3257358974818043,1
2023-01-02 19:00:00,20.494481522053555,33.109412209345614,8.871842738526544,1646.9755572099634,2.029394946041269,0
2023-01-02 20:00:00,14.607390048162863,50.196256691635234,7.439391202658211,1632.5762537334826,2.0924151618512306,0
2023-01-02 21:00:00,18.400778958026457,38.064880616338456,11.74491465656029,1734.694771497065,1.8825054297734627,1
2023-01-02 22:00:00,19.696806145201062,33.80249822836606,11.300402355917322,1536.2043117407413,2.080738082373532,1
2023-01-02 23:00:00,27.285611131094576,89.39761394339672,9.801648272441234,1240.6336104088307,1.8970423173507769,0
2023-01-03 00:00:00,23.71809144784231,49.34123069848338,13.693273992095332,1579.9375903505284,2.1864715669568153,1
2023-01-03 01:00:00,13.18479922318633,78.5924667512781,7.859830467347695,1369.7286212416343,1.8891168991869098,0
2023-01-03 02:00:00,23.620419846973974,45.27843928582583,6.948949658150522,1394.2766636500487,2.113130118170656,0
2023-01-03 03:00:00,20.074588597918417,70.89016333343577,8.616183860237511,1617.2728037510187,1.9912211558945065,0
2023-01-03 04:00:00,18.615389998470206,75.61367159338118,9.908827967289005,1747.656614286727,2.33781507523165,1
2023-01-03 05:00:00,25.05838144420434,65.73832443647066,10.486678898645383,1504.2543153472122,1.984581882923454,0
2023-01-03 06:00:00,27.154997612479754,58.2945713130095,9.51752788428734,1561.7666025197927,1.4680902595379357,0
2023-01-03 07:00:00,26.656400595580994,54.71045484883611,10.704110793028594,1840.4429889270475,2.3785764502141973,1
2023-01-03 08:00:00,17.803912383886807,50.93209599257972,7.496921151619112,1548.1506358977138,1.7282803097412143,0
2023-01-03 09:00:00,20.453938120743928,85.77174865486955,12.88752920814652,2020.336622836079,1.803870098405354,0
2023-01-03 10:00:00,23.65631715701782,79.83716446726375,9.835697643214862,1613.1019291263087,1.8213016117869523,0
2023-01-03 11:00:00,26.877725635611796,87.90161463999075,12.234591663176255,1147.8474481688365,2.412331427951245,1
2023-01-03 12:00:00,19.60412881077355,37.45783340913268,10.685450692755408,1650.6683242209065,1.3592977358063913,0
2023-01-03 13:00:00,21.071705116680914,73.85204851221866,10.913506438307568,1576.2316769765555,2.941324560097998,1
2023-01-03 14:00:00,16.46832512996986,86.30042740926227,11.139534560464408,1757.9505508165491,2.3168170427198156,1
2023-01-03 15:00:00,16.018966879596647,40.87398396993961,10.89541712003463,1634.6362702539916,2.066971674238748,0
2023-01-03 16:00:00,26.062629111970992,33.98977604200665,11.285445519735088,1472.3088032032451,1.983531799815114,0
2023-01-03 17:00:00,28.781200142854114,74.46723895740354,12.658305060264862,1255.1403527421269,2.0856662224572973,1
2023-01-03 18:00:00,21.63994939209833,64.46838679079471,10.39304233940294,1458.195348542795,2.1563367285138013,1
2023-01-03 19:00:00,27.01766448946012,80.50972660549633,11.418007515177024,1329.89590915814,2.193564675785017,1
2023-01-03 20:00:00,23.80818012523817,38.38634259757737,9.820528611425546,1383.8953100390554,2.1666813398010345,1
2023-01-03 21:00:00,18.77440122697438,77.71603871159341,12.880234430898945,1617.7156808841219,2.0268742043765746,1
2023-01-03 22:00:00,23.80697802754207,42.09763920286467,8.64721539588146,1833.9809008702812,1.9407984739078021,1
2023-01-03 23:00:00,29.690182832329846,39.81935657194227,13.60188086582163,1578.9343059645962,1.9546180149039465,0
2023-01-04 00:00:00,21.820869804450243,39.85594787585958,9.919684098711313,1260.8233875929632,1.9415275158941956,0
2023-01-04 01:00:00,29.82321827907003,78.87448321388293,7.138449795763904,1588.9205336440282,2.340131029060119,0
2023-01-04 02:00:00,8.901274479551278,69.911833241772,10.256208829821578,1739.3262973291303,2.1780670166842584,0
2023-01-04 03:00:00,26.10951252187612,61.38392548614716,8.637896685050238,1378.0434191361235,1.117883409600716,1
2023-01-04 04:00:00,22.435235341190857,51.529829047410146,11.681287097977448,1473.1965666654164,2.1967702329589285,0
2023-01-04 05:00:00,20.504963247670663,82.6320324487865,8.694752041395219,1502.9376389458394,2.0584208584156323,0
2023-01-04 06:00:00,22.45880388267751,53.546706445358126,9.10763313357044,1343.020337383552,1.9943873730662307,0
2023-01-04 07:00:00,12.062155426995536,78.99596636829463,6.220918538108938,1629.6560867687717,1.8834444640733343,0
2023-01-04 08:00:00,20.90164056081244,56.3480945142131,9.095387361501846,1475.8103702784438,2.337233815995804,0
2023-01-04 09:00:00,23.78556285755873,52.61666576549445,5.152241346742087,1583.9064887814056,2.2842579386368573,0
2023-01-04 10:00:00,29.38947022370758,57.76078714017639,6.832194353028553,1322.5015644395799,1.7681366996529173,1
2023-01-04 11:00:00,19.40864890863176,48.08267244984852,11.520829312288594,1412.508339935318,2.1221156861373607,0
2023-01-04 12:00:00,17.95753198553406,74.85656281057507,11.571600317301664,1644.4762715655543,1.7085029796376143,0
2023-01-04 13:00:00,19.491214782077318,60.16322340554875,10.85091512356993,1425.4333695816465,1.586114550563321,0
2023-01-04 14:00:00,26.57701058851037,43.93276170880904,8.066047713741574,1845.392770246681,1.8119848326230104,0
2023-01-04 15:00:00,23.643755548298422,83.97447439647411,9.904577287716041,1420.0727628770796,2.2587180417148276,1
2023-01-04 16:00:00,19.351198981164806,53.033473282392684,9.992794921818863,1544.9369451503771,2.285937513612826,0
2023-01-04 17:00:00,24.56633716556678,62.613171666839314,7.6832706216149145,1686.518166374618,2.1539256260291877,0
2023-01-04 18:00:00,22.4853877467402,84.38832665787282,13.006796603534301,1216.3268534133936,2.217528736054399,0
2023-01-04 19:00:00,26.843224952664446,67.45427975483952,11.754724581151343,1147.8382376038448,2.1548534861344875,0
2023-01-04 20:00:00,18.489734530613237,37.013882442501846,9.558071652340672,1194.8687370859811,1.8075555214331143,1
2023-01-04 21:00:00,20.361689267011158,86.3899274168085,10.053771677989062,1752.5168206854364,2.129576763402182,0
2023-01-04 22:00:00,20.039459234339212,67.66248318428507,10.416765615895105,1389.6283708215105,2.2401228575683048,0
2023-01-04 23:00:00,14.682425259339407,50.09433687942517,5.916530263151419,2011.6398571336504,2.226287398944072,0
2023-01-05 00:00:00,23.48060138532288,38.35632435980324,9.505645234958806,1387.1504802685222,2.3566740114423927,0
2023-01-05 01:00:00,23.305276360899448,77.64151135621776,8.636031504004404,1536.9102606394074,2.212491154160319,0
2023-01-05 02:00:00,22.025567283212304,67.20436535571082,7.996759980210169,1808.421990513575,2.1054344622624748,0
2023-01-05 03:00:00,20.827064333124266,62.007665518579294,9.43779941422809,1901.2185776318247,2.321045071494928,1
2023-01-05 04:00:00,14.92314628974793,83.63355498305745,13.595373053699046,1912.3007153272797,1.992043622225282,0
2023-01-05 05:00:00,19.896773386173205,77.31583267347185,11.28168572253402,1741.6732461186284,1.7354376046316846,0
2023-01-05 06:00:00,20.286427417366152,39.100492783965066,8.857642020434406,1704.8125051622924,1.9510799108168708,0
2023-01-05 07:00:00,17.988613653891903,48.70332406773289,11.145165562712318,1618.5053898402366,1.7765292065580653,0
2023-01-05 08:00:00,21.193571441669953,44.90934838886794,12.798710873172004,1655.6722152333275,1.7974465175076855,0
2023-01-05 09:00:00,24.020254284072692,74.63677755436062,11.849267365825538,1389.7628567342933,1.9566443987853446,1
2023-01-05 10:00:00,31.43092950605265,32.011946084146764,10.119260739840348,1336.3602233155386,1.7622740237000116,0
2023-01-05 11:00:00,22.872889064159196,64.193381092279,8.706126444588852,1499.3251085178097,1.907611541108288,1
2023-01-05 12:00:00,23.28775195361382,75.74752114444144,11.39644662722718,1465.9630754950142,1.4319155999138644,0
2023-01-05 13:00:00,21.627770421169163,82.60593820570497,10.7869707708435,1409.354390134545,2.0639881122118817,1
2023-01-05 14:00:00,12.406143923504793,50.52490492295445,11.790386440055464,1639.277489491343,2.0003616426086674,0
2023-01-05 15:00:00,21.867430622753915,79.27543828032077,11.270343603363939,1691.0610417141022,1.7548734106795427,0
2023-01-05 16:00:00,22.301151049705133,36.63790421731243,12.09910543063867,1517.6813772583694,2.1977737005297215,1
2023-01-05 17:00:00,34.316210562426434,80.7871375040711,8.929529576878863,1795.5060162110524,2.2812710412879675,0
2023-01-05 18:00:00,21.038195176094387,37.649319739918944,12.634788131268651,1271.662177173299,1.5177320406893078,0
2023-01-05 19:00:00,23.507736711668063,53.837237433622036,10.3951992093848,1461.2681081440564,1.7711825664301357,1
2023-01-05 20:00:00,21.826441151473784,77.83772194677321,14.150521745250531,1356.635535879439,1.7692572950638106,0
2023-01-05 21:00:00,16.15660981190234,38.99504564092643,8.621624363820864,1126.692676585388,1.7180290696673406,0
2023-01-05 22:00:00,27.714114072575104,43.75508371395849,13.4719276063305,1483.4638628314601,2.2488424525795248,0
2023-01-05 23:00:00,25.759665163433873,73.33515410358397,10.395821566925296,1475.6504983233433,1.941852158368159,1
2023-01-06 00:00:00,25.955159735215233,73.20219219276447,8.697163992771102,1802.6899486484263,1.9206455476068167,1
2023-01-06 01:00:00,17.453062726026303,68.46885797311784,9.032228331891357,1626.1623369109554,1.3988412906779741,1
2023-01-06 02:00:00,29.013971554680495,71.636906668026,9.35930538361136,1295.162635134159,2.190625409062768,1
2023-01-06 03:00:00,14.990744686038596,62.56346660085577,10.848331892803833,1870.8185132668377,1.6282224815439583,1
2023-01-06 04:00:00,24.934285469001352,45.10794353441717,11.045670976071,1744.2067391050705,2.0179797890798983,0
2023-01-06 05:00:00,32.952278129049894,50.741759610235164,8.852599992122842,1616.419540693723,2.0832130813874574,0
2023-01-06 06:00:00,17.04731837434656,40.89586300808554,9.951290815478034,1454.7031802300337,2.4081975787515955,0
2023-01-06 07:00:00,19.16851135198614,84.5070336800177,14.284540717223727,1308.112152655304,1.6073538802642664,0
2023-01-06 08:00:00,22.498256825438204,65.00350768596724,13.455086340201422,1425.5586447857895,1.0941463532537523,1
2023-01-06 09:00:00,19.482621729419005,54.05108500581839,10.872647339348065,1717.7497239408372,2.0551548634261083,1
2023-01-06 10:00:00,14.246682844669337,57.720348218647956,10.0760069563364,1876.9172611869217,2.540153354453256,0
2023-01-06 11:00:00,22.342814874030136,86.83700037670891,10.240062653436523,1808.648705654438,2.3716839058818313,1
2023-01-06 12:00:00,16.688481431369475,39.20108418696481,11.227035945460834,1402.2301156427452,2.0628978245823877,0
2023-01-06 13:00:00,24.36796215317591,65.17378992100782,7.954414869603189,1276.0765133421978,1.8525091443103858,0
2023-01-06 14:00:00,17.402878828830985,60.35332073306796,9.48524692515331,1528.1772493822407,2.2421367789911932,0
2023-01-06 15:00:00,29.749672025087698,66.68725412607887,6.662831852244821,1146.3121268874297,1.7079361400886595,0
2023-01-06 16:00:00,18.083733538318814,31.08661102925043,10.798446245210558,1564.6335428369564,2.1429073308068656,0
2023-01-06 17:00:00,20.38969241897162,82.3274345366491,11.294391879405483,1470.4794827402663,2.151641047749988,0
2023-01-06 18:00:00,26.067586086848348,85.92709694901674,9.033627075401252,1406.7926996263516,2.3180629722496637,0
2023-01-06 19:00:00,15.845678417830225,63.907991015352536,13.147973526580065,1181.0593865466408,2.8278980116733234,0
2023-01-06 20:00:00,23.137299673020646,71.79904943261354,7.548468673995318,1602.7200213139433,2.11772479015363,0
2023-01-06 21:00:00,28.53571377141214,85.34996287063774,7.07125023958036,1393.4598320676178,1.8473109122877505,0
2023-01-06 22:00:00,13.962583827193862,72.43431805880391,10.448903637119944,1266.0166328579423,1.9923277063424016,0
2023-01-06 23:00:00,22.92316929266152,39.15234257485568,12.094196605224308,925.5475573436702,1.4692772285332647,0
2023-01-07 00:00:00,23.299413971242117,64.57730161000879,13.367855382915737,1494.4970189898727,1.7915860606732825,0
2023-01-07 01:00:00,25.90911435888655,66.40290278297135,9.08223147426212,1854.4503193339488,1.8772152685660688,0
2023-01-07 02:00:00,15.81524644560959,55.44784027814316,12.157361666862592,1832.251842909574,1.8427734806196223,1
2023-01-07 03:00:00,15.397716934578618,74.18665413748337,9.922983060998586,1408.5807486827457,2.0457064616101164,0
2023-01-07 04:00:00,24.60970782808449,86.06202088614089,9.65474540011836,1379.557587927644,1.7532740202853399,0
2023-01-07 05:00:00,23.48492336616593,85.53411077440657,11.767319874973344,1593.7548512150047,2.3363092001973413,0
2023-01-07 06:00:00,23.252464251729382,57.050362284247925,11.30464575682684,1300.3229121623417,2.000062119475459,1
2023-01-07 07:00:00,23.732241047484877,36.79428275044532,6.847215686031501,1560.3583799638932,1.9972099036584157,0
2023-01-07 08:00:00,18.599876392107547,89.09047193774008,12.953080699451792,1653.2160556769381,1.9016315850461247,0
2023-01-07 09:00:00,23.161268485805017,80.33388518675605,12.760182708294902,1745.3866447768614,2.046557205157694,0
2023-01-07 10:00:00,23.465362366493405,37.47976087219601,8.748874596980942,1479.9691847040094,2.2475294794002902,0
2023-01-07 11:00:00,18.42824290986816,85.25051295704233,10.791607066874818,1459.265249964607,1.73986093528673,0
2023-01-07 12:00:00,31.328872555723784,82.1937817237277,10.988060372565478,1324.4034826486877,1.802565053277423,0
2023-01-07 13:00:00,24.36916460455894,61.13028342756432,10.521347531647814,1334.623929192028,1.9088821913670007,0
2023-01-07 14:00:00,16.043482513986756,65.47652614469575,8.89938969230916,1454.7042216196946,1.5962387229580355,1
2023-01-07 15:00:00,25.28276804316915,53.94016223220781,8.656753264123896,1573.4731013632356,1.7542226420835507,0
2023-01-07 16:00:00,17.126591648863393,33.28569832932188,9.94889185801711,1682.71692524665,1.8571337379366022,1
2023-01-07 17:00:00,25.93542301871226,50.11183449875406,12.345458038518728,1339.3642098639311,2.2623167542138183,0
2023-01-07 18:00:00,27.79297789503702,78.17120691588069,11.087200309188864,1798.5377137919045,2.0787683987005776,1
2023-01-07 19:00:00,17.89658840824145,30.277921380276172,9.258771335827788,1445.7752797914864,2.0580769734102633,1
2023-01-07 20:00:00,26.81688064622161,50.00995030146865,11.543397421296689,1495.7265411303129,2.2552693886503916,1
2023-01-07 21:00:00,24.06390463468249,53.8901216154566,4.302914758739849,1350.5576641704354,1.958788463480181,1
2023-01-07 22:00:00,26.11030079997245,62.24373617627537,12.297531400744207,1015.1519479454116,2.117139454978667,0
2023-01-07 23:00:00,31.483964913269737,85.19133698476563,6.5205724424438,1676.80907927221,1.969033474120251,0
2023-01-08 00:00:00,20.773059419985646,50.780759661957674,9.275118117193736,1647.3687794184866,2.0796087048198886,0
2023-01-08 01:00:00,18.23131917821255,50.81719211377366,7.760660210747712,1443.7344885763573,1.8251724027165255,1
2023-01-08 02:00:00,17.552427851872384,74.25007488658491,7.410637048558188,1513.3981434449745,1.2683548525170711,1
2023-01-08 03:00:00,17.920948575172808,57.133076453388426,12.32165357475704,1603.1878435408198,1.9597162513441087,1
2023-01-08 04:00:00,21.614491452929478,43.47628937639892,9.064597597376217,1187.4908286226914,2.426824440829982,1
2023-01-08 05:00:00,23.70575987408322,57.1463709679616,10.69300776346143,1394.1894645307411,2.2778646206724775,0
2023-01-08 06:00:00,23.383453996650097,38.45142122278799,9.906158842241632,1658.8529359243655,2.2896192453773514,1
2023-01-08 07:00:00,26.13591624518012,40.5832191903734,10.954081654446243,1249.1421153661502,2.3708392165418655,0
2023-01-08 08:00:00,22.065009459389536,59.902066364368785,10.153643782120511,1558.711586433326,2.026597277288431,1
2023-01-08 09:00:00,29.267670385786584,55.13552697027288,7.434015551622861,1228.683639075319,2.0591947122216787,1
2023-01-08 10:00:00,20.67671583381022,84.890754064086,11.99253363889428,1593.2859964867052,1.814704431369695,0
2023-01-08 11:00:00,35.600845832948096,51.74363394699799,9.012486833677375,1492.8717035405032,1.905178143191885,0
2023-01-08 12:00:00,25.12833673882503,64.8353010166826,6.886836202680498,1176.973636818898,2.1847313449313424,1
2023-01-08 13:00:00,17.714212217918586,67.93585727517183,9.143769678068175,1732.9478708914344,2.361165331150645,1
2023-01-08 14:00:00,16.64553750969444,30.785667395300017,13.00151958126862,1353.0816846403902,1.9581661172957001,0
2023-01-08 15:00:00,24.412362076215928,69.81224232100263,11.700443484226986,1337.9495125971239,1.8649432205445766,1
2023-01-08 16:00:00,20.882686073370746,40.682158012185084,9.302695731184281,1540.1138394461886,2.0001583876569793,1
2023-01-08 17:00:00,25.57000247046046,87.66421904816731,9.301484591363142,1729.727469885743,2.1803620246787343,0
2023-01-08 18:00:00,24.366188122867726,38.91976366518678,9.356729897565234,1296.8356362043205,1.5668435551599376,0
2023-01-08 19:00:00,21.635855436715637,54.87744742362142,14.153495967121682,1512.3359699695943,1.3111457140588287,0
2023-01-08 20:00:00,17.766031409657977,35.12098008471863,10.763870904463106,1585.7633000661147,1.8348389451525249,0
2023-01-08 21:00:00,14.425763876570677,89.81245511075684,10.86008329438214,1638.6211214526288,1.6337862722257523,0
2023-01-08 22:00:00,19.767425239664895,60.13170061987455,12.060566908063684,1535.288311055445,1.8475579407058067,0
2023-01-08 23:00:00,26.28199397161736,65.72310103920262,10.477578318053027,1426.5944321833356,1.9556659043547586,0
2023-01-09 00:00:00,23.07046872065102,34.02458864330565,9.481915708358594,1334.4819558702561,1.864025477293096,0
2023-01-09 01:00:00,15.77130610644006,74.99762822395067,9.607300301830044,1517.228776609275,2.4357402603412237,1
2023-01-09 02:00:00,22.86590462925591,42.594335585735145,9.856797481171872,1285.5721976028785,2.098023429380696,0
2023-01-09 03:00:00,23.926586898644185,83.88325736644282,9.925555526980316,915.7299033010785,2.0901423078832484,0
2023-01-09 04:00:00,17.580712818994336,42.308378428920435,11.45525908727396,1587.3119608315335,2.1866621432130207,0
2023-01-09 05:00:00,22.76862552972764,41.441263239819996,10.103891771614599,1680.786968217239,1.6583500646657692,0
2023-01-09 06:00:00,22.29104359223,32.192980070885696,11.46528015443116,1027.4135128916323,2.3117335362260807,0
2023-01-09 07:00:00,16.285148510846884,58.324016706599956,9.838566839782835,1298.0538590580124,1.977270714039362,1
2023-01-09 08:00:00,23.788936801741418,63.890467995756985,10.15727038063218,1623.8308522010395,2.201144185172364,0
2023-01-09 09:00:00,24.80392263184117,33.94251836570114,6.003598630935785,1911.4990939423396,1.6784428300879535,1
2023-01-09 10:00:00,27.415256215876383,76.53165700170064,11.832655349404963,1504.1587415350816,1.5338723701951809,0
2023-01-09 11:00:00,27.269010260174515,57.197330084881656,10.692976951795986,1354.3994117541731,2.2453668974075085,1
2023-01-09 12:00:00,15.111653160214544,61.4634161596548,11.996020219719304,1463.420711779032,2.112922857829255,0
2023-01-09 13:00:00,17.310874800424386,56.44576481629369,4.207489243612621,1774.975283829637,1.729384533692747,1
2023-01-09 14:00:00,24.5751763360433,54.04578365251956,14.176749409561456,1370.807164175093,1.7391010756175918,0
2023-01-09 15:00:00,24.568929754561044,63.57841987849307,9.720820743689652,1340.1615986699494,2.3376304353244306,0
2023-01-09 16:00:00,24.575238431530238,39.31441475584275,12.216365633475032,1403.4512955635935,1.6431764321398017,1
2023-01-09 17:00:00,41.26365745327361,40.91568782971627,7.920188145748938,1309.3342783482576,2.492801885976789,0
2023-01-09 18:00:00,24.854452553465833,81.70713726081104,11.22554781012514,1524.534063198959,1.7298137796056394,0
2023-01-09 19:00:00,27.677828200902994,86.76692772801796,7.893168873652687,1824.935691693912,2.191517577682515,1
2023-01-09 20:00:00,26.770008817466014,52.398558976785175,8.75246207860839,1564.615854623206,1.9014144572753047,0
2023-01-09 21:00:00,25.25695625652899,46.244680388613226,13.828062707733572,1449.5292995747425,2.180956229324703,1
2023-01-09 22:00:00,20.42365377679827,68.63997259434095,9.618635198473307,1441.6377462168912,1.8367657993657422,0
2023-01-09 23:00:00,25.794846102466337,54.52405026588578,10.434865746359446,1187.3618382606687,1.9511621281783118,0
2023-01-10 00:00:00,18.13587392731214,31.52318133962069,11.740135461377509,1676.6219554294319,2.0122757526187165,0
2023-01-10 01:00:00,20.815906966299956,39.36915584197142,10.99136377594521,1484.4325605974395,1.6993437632655581,0
2023-01-10 02:00:00,19.573182260854484,72.95833373084386,10.300837810287153,1463.904017281875,2.222247303626038,1
2023-01-10 03:00:00,22.409370696931614,69.53543651460907,10.729922004932451,2138.621513568972,1.8460359300585245,1
2023-01-10 04:00:00,33.573292833367546,31.62575955020901,14.80683117047655,1559.7505816731373,1.9314200253979945,0
2023-01-10 05:00:00,12.66367403704126,43.318329715976965,9.884762405932829,1349.641789980963,1.7016951876174464,0
2023-01-10 06:00:00,25.43130095187257,43.86448779528428,10.402198093429934,1414.7284807588912,1.2312999023614069,0
2023-01-10 07:00:00,13.936420644051742,70.3135646159237,12.101308792015224,1729.689141839351,1.9426916712199493,0
2023-01-10 08:00:00,19.640340671052833,31.182632265261848,12.211051865915968,1522.654082107553,2.7237846264838748,0
2023-01-10 09:00:00,27.444752984836832,36.24651491907443,12.374060611120761,1212.3444043365266,2.235381286369407,0
2023-01-10 10:00:00,22.321400095477316,77.99496512239136,11.27746044405837,1683.8457869150407,1.9942218860796816,0
2023-01-10 11:00:00,16.61127611035347,40.71267972326002,7.713990174539033,1366.3711828922012,1.9211327512375198,0
2023-01-10 12:00:00,18.42348145370016,69.16476647111247,13.266863064602191,1874.6595552435092,2.006739767843614,0
2023-01-10 13:00:00,25.39798874467338,44.29096686280359,7.707309213962624,1716.0096131429298,2.164135734552563,1
2023-01-10 14:00:00,18.34816684141432,35.96648356556071,10.605270930478067,1410.5356208682497,1.6457561554073465,0
2023-01-10 15:00:00,23.082292947909874,44.590331459967246,8.491448299961284,1756.2032723470224,2.3342965084006617,0
2023-01-10 16:00:00,22.22785919951907,73.33601591133956,9.871723306814015,1513.5711021054806,2.214614394632373,0
2023-01-10 17:00:00,18.741998261970913,81.34178808637714,10.65752482060696,1670.554735024444,2.21545571771238,1
2023-01-10 18:00:00,32.719720446626624,79.8131918740195,10.642714430900547,1596.946563458895,2.1315427216429184,0
2023-01-10 19:00:00,25.169595111590056,53.83101177710729,10.84384150847057,1330.7286690018252,2.005884997308197,0
2023-01-10 20:00:00,11.874287066711965,70.08510819423877,13.227422538117294,1371.2900335365075,2.201858370790046,0
2023-01-10 21:00:00,22.93227157384714,42.29905772494926,10.907068603027959,1705.9921635162323,2.177544240122413,1
2023-01-10 22:00:00,18.69106767615806,47.588863815660794,9.511686729418702,1433.0449335786918,1.8937877867176929,1
2023-01-10 23:00:00,26.26216667398112,83.78014911126718,11.928174336576715,1419.2703073516006,1.8279194681309296,0
2023-01-11 00:00:00,18.037396307836495,30.78011541064416,12.37894097784928,1308.9754841301294,2.030556888578596,0
2023-01-11 01:00:00,21.426317792665504,35.13051185126808,7.544784369726015,1584.7198131186922,2.464706045448556,0
2023-01-11 02:00:00,24.524936394902287,42.47317530876164,11.194800139699716,1912.5049838486289,1.6282678773038297,0
2023-01-11 03:00:00,26.328775970850607,31.591932232429183,11.402345484621797,1286.4934171491454,1.559742420274268,1
2023-01-11 04:00:00,15.998517964721119,40.88612610538784,9.404872993280016,1504.8438913345517,2.049428252370955,0
2023-01-11 05:00:00,20.327493820795258,64.98249365818154,12.75141362662324,1782.4441110830858,2.0152663105568056,1
2023-01-11 06:00:00,19.62527344419522,55.28547303554988,9.699888825934947,1484.071721750857,2.0520024993111226,0
2023-01-11 07:00:00,18.73335383713144,83.56030266461849,10.251152906943085,1590.4743592499467,2.07318595937255,0
2023-01-11 08:00:00,30.827271201405484,79.04661370430645,9.65385635143226,1287.521294370624,1.9330393236095584,0
2023-01-11 09:00:00,24.024908554804778,50.509041101872555,10.031158095162935,1585.6614194415297,2.4469590315806244,0
2023-01-11 10:00:00,15.695580228324774,45.56540600587755,7.807449826209597,1462.5711469990902,1.5197288064570453,0
2023-01-11 11:00:00,26.58930973527388,52.78154449003601,7.119898234811411,1697.1459991359725,1.7514508925659262,0
2023-01-11 12:00:00,32.610780985063165,65.41769655088846,13.189010126449944,1737.4772103129503,1.9690235719552858,1
2023-01-11 13:00:00,27.162326302755734,46.08381844937257,8.306077303363345,2017.9127284037227,1.5070433566537498,0
2023-01-11 14:00:00,14.403150170229933,67.44893447094805,8.017215301087386,1615.926634642715,1.9472436786703786,0
2023-01-11 15:00:00,19.578829635668743,54.56469913147443,5.69321977279257,1565.1592633164332,2.4984410497184055,1
2023-01-11 16:00:00,28.334555745933113,63.12283085111881,8.722076504620995,1538.8768603154672,2.0062659464887886,0
2023-01-11 17:00:00,18.461652671906094,56.167591748119,7.353820413185003,1429.3667414378624,2.069210271715605,0
2023-01-11 18:00:00,24.219097140731144,47.66794557251506,13.284030320272738,1567.6967686923383,1.621950570448226,0
2023-01-11 19:00:00,25.873170267146683,86.9071984177294,12.01963417868527,1440.9197179721941,1.8150915775881566,0
2023-01-11 20:00:00,17.365347642109583,75.81634764958565,8.623699309644552,1533.6921952539228,1.887441085902819,0
2023-01-11 21:00:00,21.702373219691,38.40679054598715,14.504871610688618,1763.519507121592,1.9046854709731298,1
2023-01-11 22:00:00,5.793663299654636,82.10807855387478,11.963530973983188,1298.6914869440718,2.3844931385011305,1
2023-01-11 23:00:00,16.878061793328552,59.24587189497082,9.350337232982755,1727.975712225809,2.1673073182175373,0
2023-01-12 00:00:00,20.7371592430342,83.67313361364549,5.001188570252854,1763.423013467973,1.6665626129188904,0
2023-01-12 01:00:00,15.761084090175753,77.99131535683891,14.581885145181484,1476.3862946017844,2.0739514335296017,1
2023-01-12 02:00:00,30.162056519658176,55.512810268154006,7.220855066472808,1075.629020198281,2.1494665245490356,0
2023-01-12 03:00:00,14.849293110196836,31.348158499207045,6.709202506086216,1378.4356025811135,2.34204471155638,0
2023-01-12 04:00:00,19.799777566515083,46.12064156309677,12.045140864019281,1759.3989093122218,2.474162205970512,0
2023-01-12 05:00:00,22.653702886430455,62.498052879652015,14.879504812678546,1495.4263875402237,1.6954717424516395,1
2023-01-12 06:00:00,29.206366445330577,68.00869318956885,12.768545637021036,1300.139553541018,1.7567427466368986,0
2023-01-12 07:00:00,14.820689244102804,45.47326112599214,11.12781824010472,1399.0450157543564,1.622726642325615,0
2023-01-12 08:00:00,27.815818760774796,38.36136444436945,11.189508683330573,1668.1240053009105,1.9297940422679056,0
2023-01-12 09:00:00,22.051165305097935,80.09581420795794,11.706831117560615,1609.3467136402758,2.1399075123339,0
2023-01-12 10:00:00,17.092456744760245,89.06413084221313,11.51785717957353,1452.213580166061,2.2962003549767305,0
2023-01-12 11:00:00,24.310517371316354,61.54141093816115,10.562382847938752,1426.6351176370624,1.9772146929072432,0
2023-01-12 12:00:00,22.99529847786735,40.30075715089821,10.208402207903752,1421.6483701912357,1.904045743023547,1
2023-01-12 13:00:00,18.998915614206027,46.338439591162135,9.874813744200955,1315.5179631002995,2.045527397674622,0
2023-01-12 14:00:00,22.349010424950094,31.103440592848003,8.492070822266648,1823.0751378938885,1.749457129510993,0
2023-01-12 15:00:00,20.0734320156912,84.85792839362995,9.438649846266452,1435.535906157732,2.6268616165084318,0
2023-01-12 16:00:00,22.56758672625624,37.06506497340847,6.614086371609229,1743.4317041650993,1.5177016918645825,1
2023-01-12 17:00:00,25.310653372605234,64.59098853085521,9.8033207464105,1804.2632103844903,2.0554221736687173,1
2023-01-12 18:00:00,29.93008408072676,46.44331324123236,8.022817785698166,1699.6621796295922,2.6070818657688917,0
2023-01-12 19:00:00,15.810922505865754,63.2506801509476,7.792821365568458,1413.6759374563903,2.002039953367999,0
2023-01-12 20:00:00,32.665166873281336,69.08522330111185,10.359788302306956,1580.746018067322,1.9429882894995516,0
2023-01-12 21:00:00,12.239561002387491,79.7845082224321,12.784004572689199,1495.1608787218167,1.8927663731568718,0
2023-01-12 22:00:00,21.241074524822082,42.3852763056362,11.836633212004626,1319.2596278539743,1.9458824954712777,0
2023-01-12 23:00:00,24.941586032422883,30.659749719508827,6.8589987927536455,1564.8718563443206,2.411854542402959,0
2023-01-13 00:00:00,23.404959338675162,38.213137804128436,8.020743726859324,1264.1920417680394,1.336441426601148,0
2023-01-13 01:00:00,18.88650240089703,84.0011185108863,11.881542375976432,1737.5358776923126,2.4600301103888977,0
2023-01-13 02:00:00,20.959388748213623,82.43340465375091,8.035025212923381,1407.0765405403213,1.5728128542649564,0
2023-01-13 03:00:00,19.534995326705836,65.8447861302185,9.550733700005951,1540.2319311745678,1.9200043012296755,1
2023-01-13 04:00:00,19.053176215278942,66.0310116260192,11.100104198049104,1556.6575743092285,1.8712266739104015,0
2023-01-13 05:00:00,26.248010485105123,69.90220047277532,8.06331109027273,1448.2190052591845,2.176565980931216,0
2023-01-13 06:00:00,23.785077429825236,40.522276717406974,10.21075101229192,1617.338760295055,1.5205626944348758,1
2023-01-13 07:00:00,18.535452023696728,84.8647167554976,7.331949010163591,1405.0192686754951,2.138651799824583,1
2023-01-13 08:00:00,26.497999377166252,55.12623149352439,8.797264712097572,1674.2594594914488,2.607292886986056,0
2023-01-13 09:00:00,23.536497604383047,52.98831169496985,10.639563868285073,1230.8040639506503,1.591047798622157,1
2023-01-13 10:00:00,26.0643105941948,61.13506231697025,6.814012532936662,1525.2759159092823,2.0569118502831185,1
2023-01-13 11:00:00,25.14814420961806,32.817958006503304,10.880949475920797,1887.785799811657,1.8014053466610174,0
2023-01-13 12:00:00,17.855024945389637,39.97700212536476,9.960724402146637,1299.933735078885,2.127766161857911,0
2023-01-13 13:00:00,19.199094799015153,74.28201698558223,11.104979908834295,1364.4510058950298,2.0057443332247256,0
2023-01-13 14:00:00,25.736468025616308,34.967920075507585,10.447828268129323,1602.781569931783,1.8075539272867072,1
2023-01-13 15:00:00,25.051851327167324,66.1891265679833,12.728280859947688,1535.9163563879197,2.146361685461322,1
2023-01-13 16:00:00,21.89549203017926,44.72094658087926,10.250449005295815,1570.1260198547118,2.541304432936023,0
2023-01-13 17:00:00,22.58663691654391,53.35773684251859,9.141188917749494,1597.8374260295327,1.9427288624818104,0
2023-01-13 18:00:00,28.388324478942124,47.32162420624199,10.244595006064568,1626.944293712354,2.2159273826444545,0
2023-01-13 19:00:00,19.04214305582085,51.34036298789695,11.086596058072775,1721.9399683912447,1.6120181126386508,0
2023-01-13 20:00:00,24.735486905850188,73.14275431105473,10.09772014065141,1581.9637313857024,1.7130690869545973,0
2023-01-13 21:00:00,20.98903673783053,47.8273029373905,10.081183382407765,1451.7484690762915,2.1417218833641134,1
2023-01-13 22:00:00,20.9115939838639,63.98427841781383,8.59601662438649,1634.5147402405462,2.4452348085607896,0
2023-01-13 23:00:00,27.49388425993595,58.56302413194598,8.674198164898105,1879.9763869790431,2.106684004635698,1
2023-01-14 00:00:00,26.12708174494015,69.8202699217589,7.194789456400613,1473.4732507234853,1.9060825908430536,0
2023-01-14 01:00:00,26.067548180003193,86.20978435948548,13.499153486373878,1305.0941390658718,1.9997874216270062,0
2023-01-14 02:00:00,28.527394035771646,73.95432583261501,7.512273529217429,1721.4161338573945,1.6248776798090847,0
2023-01-14 03:00:00,22.105019208163796,42.896422715445404,8.614189604408185,1475.9237672092804,2.1813545979066102,1
2023-01-14 04:00:00,25.40976485647482,31.87098810367708,8.563185468861604,1065.4660907971927,2.2646999186970227,1
2023-01-14 05:00:00,20.44866621703272,45.73584265798951,11.789848753888883,1669.4843354300842,1.864372900150076,0
2023-01-14 06:00:00,23.62083176244221,65.70467584201529,9.410100643415944,1392.9343628092154,1.8589873556721495,1
2023-01-14 07:00:00,21.349284728161578,33.08554880905502,12.495484145347469,1481.8933435391677,2.0797634688956146,0
2023-01-14 08:00:00,22.48497982496359,59.781974832074184,8.653018751512263,1566.3960661138028,1.8689840791878214,1
2023-01-14 09:00:00,24.97578512718457,65.81057093501335,10.557988324447605,1538.0999359558132,1.9801602156122533,0
2023-01-14 10:00:00,17.908896583832636,50.05463344901765,8.329305893480486,1641.8903634278079,2.6299165367499544,0
2023-01-14 11:00:00,32.4619363784273,76.25473222474932,14.290298255546777,1412.9027258860312,1.925892289776201,0
2023-01-14 12:00:00,16.96991309250149,36.39589518802631,7.624803161940974,1602.6211596352166,1.8924979543936333,0
2023-01-14 13:00:00,15.92905693606134,34.50826690414853,10.619641420454055,1448.0906644832166,1.8057374583094523,1
2023-01-14 14:00:00,27.790554367500338,73.6913253722162,11.267553761864196,1647.7620961775006,2.223257591449981,1
2023-01-14 15:00:00,25.95831346981468,59.72947897237191,10.827598194902997,1623.0734968026106,1.9456327480345692,0
2023-01-14 16:00:00,25.120599085260775,71.30414378566417,9.629424682244583,1312.912259591081,1.8051880885035723,0
2023-01-14 17:00:00,25.1417275463214,56.089640316224774,9.740358600533147,1717.1964232350065,2.3963912096819038,0
2023-01-14 18:00:00,21.938766135765427,44.78412199434641,10.08762294395822,1392.8073109771904,2.425880901354091,1
2023-01-14 19:00:00,17.51372814257084,79.14613906045199,9.705995996743022,1661.611559656229,1.8198729302783885,1
2023-01-14 20:00:00,22.37902279096863,77.96495273813875,11.92775823358982,1573.4574626802682,1.4400380145918152,1
2023-01-14 21:00:00,18.61419144243944,71.6817882512656,14.421046003182703,1867.6367353590244,2.3022541069510765,0
2023-01-14 22:00:00,26.875598667088756,46.32870823379776,8.885016429984333,1455.3068035256297,1.794611052271999,1
2023-01-14 23:00:00,21.264713092489306,65.41384001214523,7.260394040841844,1430.1366407763605,2.2371876797488306,0
2023-01-15 00:00:00,17.872514016037442,51.65843381640161,9.82343590329749,1496.1160788224536,1.4089688546864494,1
2023-01-15 01:00:00,20.393070791735035,35.49492439959805,15.159418675308636,1439.3640434331448,2.267779201489793,0
2023-01-15 02:00:00,24.06465727137812,85.03881452773456,8.392650864060538,1659.98838038841,1.6366484212157657,0
2023-01-15 03:00:00,19.181377235980126,38.209117855137684,13.278233610888135,1176.7378783126824,2.2192292357199572,0
2023-01-15 04:00:00,17.888898022167844,87.01424122924814,13.355401628152881,1289.2635161707292,2.0042819203509303,0
2023-01-15 05:00:00,23.218436057459563,56.76034637747735,8.892823516584011,1286.4394156841613,1.7138181741810066,0
2023-01-15 06:00:00,23.224832855543614,41.10797573031718,11.137966158370551,1690.0615183947152,1.8778891061219658,0
2023-01-15 07:00:00,19.46528412314435,62.514056842701486,13.256793246257075,1842.1226745163851,2.2058955370870104,0
2023-01-15 08:00:00,19.644808471908387,82.37675015258449,9.241744518025026,1479.1101562925057,2.0317683359345704,0
2023-01-15 09:00:00,23.16024968678818,73.93349318457368,9.592839279795276,1466.235655361998,2.175323894141745,0
2023-01-15 10:00:00,14.759578292513378,78.39366887168698,8.836638172102713,1514.0104326226362,2.5929321753546457,1
2023-01-15 11:00:00,14.962681128117223,69.52700200264304,7.970486538614266,1732.375660521638,1.5307275164866847,0
2023-01-15 12:00:00,18.40777889373782,71.53659387107115,8.701444909867986,1314.5293731618851,2.485163772490587,1
2023-01-15 13:00:00,20.932764241440765,80.95173909391916,7.552119466475487,1547.673796546957,2.031306781256964,1
2023-01-15 14:00:00,23.554537827990025,44.98008053155115,10.068166936518452,1695.039525956486,1.7303647855030615,0
2023-01-15 15:00:00,29.376781084747762,59.36549781858843,8.460053537882716,1600.218833987969,1.6009059122783031,0
2023-01-15 16:00:00,26.288298116010097,43.27256650917613,10.467571823581496,1537.9163233197487,1.94326388276689,0
2023-01-15 17:00:00,21.200307350182864,89.26008047979883,6.888208707592746,1700.2092185134281,2.276495033577338,0
2023-01-15 18:00:00,21.904918960486555,86.64356038119679,10.661760464428914,959.3535414001526,1.9617352638867398,0
2023-01-15 19:00:00,16.987353176810956,32.365608682110356,11.667057923217849,1635.5750639061816,2.453346479074204,0
2023-01-15 20:00:00,21.90743432003805,72.33451035094131,6.012528714857089,1369.1848633745153,1.5646472929845323,1
2023-01-15 21:00:00,20.55670680539931,85.51489904493995,10.748113139695144,1133.8734206287086,1.9963733156461836,1
2023-01-15 22:00:00,23.613592801690448,40.83452070764001,12.455337984946585,1602.240519904996,1.6242819666760644,0
2023-01-15 23:00:00,17.863845282238387,64.07671383315777,7.580717962617589,1774.7317090325914,2.1090895647874905,1
2023-01-16 00:00:00,24.596732571205862,84.92929785528251,13.345144773675408,1472.5102970744617,2.26606621702919,1
2023-01-16 01:00:00,29.66369456501289,32.03675871514793,10.83803801873209,1690.5749094405878,1.873771461895684,0
2023-01-16 02:00:00,21.456199257715713,71.84521603481039,8.589976288483182,1822.4556515977292,1.2187358430118598,0
2023-01-16 03:00:00,24.008558610494706,47.840940442353045,9.888461844684588,1762.9828907168094,2.0596844440389486,0
2023-01-16 04:00:00,25.450719958555563,85.46377172259182,11.116653825043445,1827.9929058742787,2.1310215655200526,0
2023-01-16 05:00:00,19.993897640570818,88.26349470992207,10.152010782824822,1648.4254982143784,2.1212884264885092,0
2023-01-16 06:00:00,23.120462409052084,86.65598934680604,11.077511984892737,1515.0867277803186,2.370734657546646,1
2023-01-16 07:00:00,22.062962003908975,58.45285299944783,8.158652813841268,1179.6068376205662,1.6786838961052855,1
2023-01-16 08:00:00,22.48838049274416,81.72255905935882,10.338721648072156,1450.7875023740103,2.204064831635135,0
2023-01-16 09:00:00,18.13495108072267,80.67296391210422,7.17257100619004,1331.3506809367616,2.3577522537433926,0
2023-01-16 10:00:00,22.122550871294713,49.146028394595334,9.777547877302599,1934.1885434995627,1.466423724798045,0
2023-01-16 11:00:00,24.489991456227248,79.73492844904064,8.19218471707042,1464.8228375135327,2.0958955477756933,1
2023-01-16 12:00:00,29.25571803897521,32.220458082929554,8.528940114820466,1524.6409613568972,1.8487460506976985,0
2023-01-16 13:00:00,26.796354130426035,65.77619270892319,12.472186350420875,1610.2970752080935,1.9755431980695062,0
2023-01-16 14:00:00,32.76591228755778,43.80053023726218,12.182620241188538,1508.7204892744908,2.1043029450615007,0
2023-01-16 15:00:00,18.163262185559752,37.23401314663673,11.218276241814355,1839.0102080861507,1.8538314307659343,0
2023-01-16 16:00:00,26.361603183603393,34.61719209775255,7.815374470654842,1375.4701276531096,1.7972875762515166,0
2023-01-16 17:00:00,22.91671002869176,71.77732655268838,9.367183100610395,1538.9214910474486,2.010245725246407,0
2023-01-16 18:00:00,32.94901466608836,50.39249782608397,12.426195399958367,1351.5058828603903,1.6738262183411592,0
2023-01-16 19:00:00,17.958508573224243,73.48600629172569,10.28343382727981,1235.9954977558589,1.6742524613344445,0
2023-01-16 20:00:00,17.801390789096118,33.92138044793654,14.63865907996339,1377.646181818943,2.203811984886951,0
2023-01-16 21:00:00,19.00303677277989,48.91742026983662,10.786635678788743,1492.5926405903176,1.655361789452403,0
2023-01-16 22:00:00,11.380521378450965,62.36947754252023,10.384098232980064,1414.139555096548,2.1998937502727633,0
2023-01-16 23:00:00,19.371224891596196,77.44338989033781,9.381767071594997,1361.5158040252288,2.1387773878561855,0
2023-01-17 00:00:00,18.20433669223151,49.12515017592419,10.267081809564564,1218.7365072656332,1.482257981362821,1
2023-01-17 01:00:00,22.75196893238104,67.55348258622055,9.695060327238913,1483.378885474261,1.7967306042993034,0
2023-01-17 02:00:00,23.708779878885796,83.15866489417124,11.416217353377181,1199.0559251937996,2.358232820914212,0
2023-01-17 03:00:00,31.380854196079433,66.95179129093827,11.913404633589169,1652.0111927379205,1.7056503406580954,0
2023-01-17 04:00:00,26.75211919093025,43.97756848521803,8.4280210789841,1516.4879505869008,1.8606787213071838,0
2023-01-17 05:00:00,19.115481721687985,31.464046893392283,7.337534092884444,1208.489700107014,2.138618267975569,0
2023-01-17 06:00:00,17.50792664325821,82.2059324340558,6.327589253793407,1438.1581845900273,2.2350171527847786,1
2023-01-17 07:00:00,24.459595857532527,31.27616465102323,11.015982653825088,1349.5687188818833,1.9245383341866513,0
2023-01-17 08:00:00,15.398833964896788,82.48210036105196,7.793266787652253,1563.8349020838361,1.8207469415925075,0
2023-01-17 09:00:00,31.15729382927177,61.73622804163272,5.694218814095034,1768.0900892046288,2.426710958509552,0
2023-01-17 10:00:00,27.897200603606436,86.34406191077377,10.777157209061928,1124.965506070851,2.5216698991392734,0
2023-01-17 11:00:00,19.654121739476476,77.92699414641993,14.985999034865582,1523.0052158294834,2.293657415234539,0
2023-01-17 12:00:00,13.434327354545612,89.87604663200025,9.987858176920213,1467.9734408866718,2.0255954427695073,0
2023-01-17 13:00:00,28.769361870827062,51.04270892710261,11.676981548903283,1634.2680152900932,1.7575202835077222,1
2023-01-17 14:00:00,21.42730077373691,76.0312973358676,10.16365871709513,1542.6393256475378,1.7508666780330304,0
2023-01-17 15:00:00,28.189081559867308,54.11585481655453,9.802220693617715,1349.6061336522362,2.1567542315797272,0
2023-01-17 16:00:00,14.027861706028165,58.79253721823453,11.838152965975537,1436.1892128666764,2.125519466266605,0
2023-01-17 17:00:00,19.003124885231134,67.6503277931022,9.419450911622697,1340.794828639302,2.420479577883929,0
2023-01-17 18:00:00,22.026218498590914,82.42062685118032,10.534784628143806,1715.2014277197197,2.1951350277608417,0
2023-01-17 19:00:00,22.23490296882371,89.04500815195772,10.643395612392027,1504.2623297343885,1.5490759094720548,1
2023-01-17 20:00:00,19.74967264260378,76.0964048318711,8.663819092713902,1880.2381371506015,2.3155842853168753,0
2023-01-17 21:00:00,25.114249661737492,55.066006930040025,11.984084699073046,1487.867837237076,1.7005818118056761,0
2023-01-17 22:00:00,16.661897853087027,55.281420136624206,9.650080486609182,1358.3186466179075,1.8848086184142945,0
2023-01-17 23:00:00,21.288102574893532,74.25493809533349,8.48850968101431,1197.2571214774346,2.0750600618755084,0
2023-01-18 00:00:00,22.601478158559495,44.32662874609814,11.073019687140807,1139.372064748811,2.598700246935189,1
2023-01-18 01:00:00,24.572194170293745,36.62844678788368,8.203064036417926,1183.172811398902,2.932975566801608,1
2023-01-18 02:00:00,25.55807439044445,51.27732945844659,10.056362314738257,1553.4253302022967,2.182016917740855,0
2023-01-18 03:00:00,16.376789540810655,47.2343394992449,9.981762006711593,1601.7450046459867,1.9450410143838837,0
2023-01-18 04:00:00,14.329429146321889,47.778487227359406,12.171791131663156,1183.7618595935733,2.160351694544165,1
2023-01-18 05:00:00,28.388384109492545,44.0164650629946,10.949396465759905,1679.007662815223,2.266296627762151,0
2023-01-18 06:00:00,23.661570059897958,32.525591378181716,9.949946082509712,1403.387789663312,1.9037997123328425,0
2023-01-18 07:00:00,18.25756731721723,31.072436084004828,11.635532598400575,1529.35860239711,2.5385634067736964,0
2023-01-18 08:00:00,29.755759877612615,89.26334338416189,12.780415098034627,1822.444125651085,2.0690212277574207,0
2023-01-18 09:00:00,22.578373171464293,55.66638802415174,11.115620612703724,1679.3678631731063,2.149322926727418,1
2023-01-18 10:00:00,27.896485920319133,53.0595988295809,10.02070523968676,1446.2938704188336,2.1997772756163383,1
2023-01-18 11:00:00,22.337592407050543,70.77883696158419,7.376327535299681,1321.7615549169425,2.1264759831843367,0
2023-01-18 12:00:00,32.303739624409936,43.09523327190385,7.869772673849255,1069.6369197341392,2.2516821501408835,0
2023-01-18 13:00:00,30.77670421221602,86.99767103701352,9.389550591290664,1356.169336151516,1.8148240440359231,0
2023-01-18 14:00:00,20.75517925760463,77.18070086493313,8.780975595681433,1457.7739522344611,1.832509473816191,0
2023-01-18 15:00:00,26.85785475477178,35.36466013873557,9.626057394029107,1302.5640945697633,1.6699537301084915,0
2023-01-18 16:00:00,25.226879747925736,55.0548465470957,10.113299849794215,1473.748606581539,2.131850369186068,0
2023-01-18 17:00:00,28.843157787661745,82.74709845372988,11.059385508713461,1515.3703765917537,2.233680951053634,0
2023-01-18 18:00:00,17.17538269709948,86.68392133748462,9.859002443881817,1455.0288036383843,2.137331859845566,0
2023-01-18 19:00:00,25.430257299992196,58.044090674992184,10.973003287652404,1369.999483835308,2.502347730004261,0
2023-01-18 20:00:00,27.29212243424794,66.80468335264246,10.12894882962024,1533.7309343933455,1.998321194351286,1
2023-01-18 21:00:00,13.206302567884428,40.02203676552451,6.049066867292257,1588.3881299138818,2.2006224966777537,0
2023-01-18 22:00:00,16.083707436671126,89.4701175682186,8.121329212362491,1281.9201845114308,1.6724897371582057,1
2023-01-18 23:00:00,11.803839111199498,43.90030208300661,9.71182488855677,1782.1864759492541,1.8838700892576796,0
2023-01-19 00:00:00,20.652965827777212,86.56390644810753,7.580610514317785,1480.2823735431477,2.2086613272697333,0
2023-01-19 01:00:00,25.58771127897981,68.97879893954212,11.199857459992408,1503.7699245889696,2.2547306332229433,0
2023-01-19 02:00:00,29.51178526048014,66.46420769273155,13.061501664687395,1641.6428846513113,1.9118099157007453,0
2023-01-19 03:00:00,22.370473902098876,60.76131066099052,12.437523703394634,1546.6432262527003,1.97852022444258,1
2023-01-19 04:00:00,30.143077727856458,43.84018870306552,9.573114258139585,1690.627326782649,1.544637875995757,1
2023-01-19 05:00:00,15.099492708925542,40.591681920330494,12.981452273699905,1557.4248330403648,1.892891239758017,0
2023-01-19 06:00:00,13.483087803224226,43.22917254421052,10.297334914404223,1377.5125250719125,2.267114949055936,1
2023-01-19 07:00:00,21.722261505516904,41.18629572865527,9.325828057763921,1572.3007050412202,2.17256150483197,0
2023-01-19 08:00:00,23.920327244696537,76.7750684140052,8.77319467291812,1271.2547585358677,2.1501997164143627,0
2023-01-19 09:00:00,21.836526259529535,51.0075155500038,9.395060627023744,1521.7119411553047,2.014932106154288,0
2023-01-19 10:00:00,11.662789499800617,33.47056059380378,9.223646362917542,1493.3540018711078,2.002118947588453,0
2023-01-19 11:00:00,21.55439980243606,88.14615780844868,10.340832444750976,1458.3766285454922,1.801903658157966,1
2023-01-19 12:00:00,15.477652497475734,83.02715309780554,10.32114796209973,1474.2924977122138,2.2096485260607603,0
2023-01-19 13:00:00,25.348362744150194,85.66513699171279,10.006092040306829,1123.6301909004721,2.1262918833168167,0
2023-01-19 14:00:00,23.83299123048424,89.69446935878611,10.8738763394927,1390.2550184518077,2.14760565439784,1
2023-01-19 15:00:00,17.300601068363225,40.433714953169236,12.381292549572683,1518.568980228223,1.8421895471997258,0
2023-01-19 16:00:00,19.430665413316532,53.77452113415953,11.899108270882648,1531.97127839948,1.3539971240386266,1
2023-01-19 17:00:00,16.70393239055524,75.49430854224548,7.030204063100193,1294.4649718148085,2.3291458135261087,0
2023-01-19 18:00:00,21.68660451363414,71.76123708322754,4.89215773019609,1753.1415681729402,1.8563487631974787,0
2023-01-19 19:00:00,26.775711602506192,39.233754380391304,11.868639822478547,1326.7650303571,1.7411672707870638,1
2023-01-19 20:00:00,17.07136976832228,78.94998749943707,7.266242603169157,1693.8914401053473,2.208043673574198,0
2023-01-19 21:00:00,24.520232577589223,43.46643431019964,9.550469196214634,1585.438872374337,1.882396208024261,0
2023-01-19 22:00:00,19.348711908137794,43.42905688935738,7.6597739478812805,1370.7545380312395,2.3179809152139867,0
2023-01-19 23:00:00,18.03563583868828,62.218465373604815,6.396039124839961,1855.0621785219023,2.185101784873009,0
2023-01-20 00:00:00,21.464848200227213,65.57639609050219,11.082925456409576,1261.272633648704,2.2050707969601433,0
2023-01-20 01:00:00,16.82378838790313,64.80517247026867,11.518310320605293,1683.8308347220004,1.5902132866398397,1
2023-01-20 02:00:00,19.23175347326409,35.489210243865294,8.846979198546562,1700.1164636085957,2.36358319561592,0
2023-01-20 03:00:00,16.010610537055758,82.64765175782281,4.81791541571018,1365.875958184671,2.078375159370157,1
2023-01-20 04:00:00,31.823625664581947,45.93600255532236,8.907511103495034,1778.4930600128657,1.889216858226139,0
2023-01-20 05:00:00,22.176317759858645,37.77089527696825,10.783608010805093,1449.9906970802094,2.043016540202675,0
2023-01-20 06:00:00,18.50137246003707,83.32488479213863,7.0421768624517425,1557.7387258559713,1.467129430130504,0
2023-01-20 07:00:00,23.06989955367111,87.3390898937852,10.36671983955831,1552.0643677542441,2.122595843444201,0
2023-01-20 08:00:00,21.43835975154585,81.72765703592704,9.96938030165401,1473.1382517058905,1.6911885475453785,1
2023-01-20 09:00:00,20.895152002333884,78.57096448349269,11.158582999202176,1662.1616546319565,1.5941989142469397,0
2023-01-20 10:00:00,25.070833500217127,69.3145188383413,10.239160736828307,1658.6977441104425,1.5432922441346326,1
2023-01-20 11:00:00,25.787538550236526,63.05144223654836,8.05386211823689,1150.2936053523638,2.3338065124969773,1
2023-01-20 12:00:00,19.34749426194736,35.21920559468461,12.393143003328984,1760.8680485756304,1.8112209818921634,1
2023-01-20 13:00:00,19.1209087967766,54.50719278424192,9.68294085394606,1167.5016023928652,2.4601183129749495,0
2023-01-20 14:00:00,20.62474151424178,52.36131102073884,9.945390920980136,1706.5092408683315,1.8392595610843108,1
2023-01-20 15:00:00,10.490394176322075,45.585227025619574,8.133464081853608,1725.3410273655168,1.487792612722116,1
2023-01-20 16:00:00,14.42404468900724,73.40520682131509,9.11343549761698,1281.8067139569603,1.6650426680154022,1
2023-01-20 17:00:00,28.834371337222624,59.75254410472625,8.230394571946198,1417.837142409083,2.3707434860020817,1
2023-01-20 18:00:00,30.224838567506417,34.862772954458876,9.654107880153154,1278.8590663028128,1.9532305466189996,0
2023-01-20 19:00:00,20.75481980221811,43.21099211698868,13.423416960284687,1457.015793942253,1.8355138110528197,0
2023-01-20 20:00:00,24.882784815278832,70.99552581957576,7.256197714137287,1438.3931431628519,2.048005467755836,0
2023-01-20 21:00:00,23.556250772717682,34.56785156941801,6.772877204246518,1655.932106453868,2.1505348208502637,0
2023-01-20 22:00:00,37.39440404227619,81.07241484292612,12.942340654987216,1762.0617492239217,2.335219644770738,1
2023-01-20 23:00:00,27.597874557172883,59.70879162083846,9.581352645696267,1779.1367621579911,2.434549768967878,0
2023-01-21 00:00:00,21.360412042596167,58.83519463959888,8.661854522680168,1387.5663946843397,1.8920694062632744,0
2023-01-21 01:00:00,17.22229779699787,65.54446707957106,12.079809374792152,1458.1556252510945,1.6021856941753885,1
2023-01-21 02:00:00,13.967768398712138,79.48085795550895,8.788768920526271,1163.31236155581,1.8759604516630173,1
2023-01-21 03:00:00,23.017318179336115,50.86855247413158,13.652019427093872,1338.8259867007623,2.078084151974866,1
2023-01-21 04:00:00,18.218246273578483,70.68096915354381,11.355851742678539,1692.9703266194915,1.7108723221368167,1
2023-01-21 05:00:00,14.88873145201163,63.94391783974746,9.024177183708595,1823.1165647096464,1.7128547255314872,0
2023-01-21 06:00:00,18.767135578787368,46.02169621016528,14.314616426531007,1253.1302256240156,2.1031363644649654,0
2023-01-21 07:00:00,16.592259981928024,82.71779918130949,8.788570153993323,1381.5071481694213,1.9854042945288646,1
2023-01-21 08:00:00,30.435708175362823,77.8455612964157,11.484190744018614,1494.7188486082146,2.009839098623476,1
2023-01-21 09:00:00,26.408198784747253,69.50711007950554,10.598585160812984,1556.0322317639213,1.772451399589979,0
2023-01-21 10:00:00,21.960136793416915,81.03490374565452,12.603482578797596,1338.0792960156707,1.9308797857382698,1
2023-01-21 11:00:00,29.39972069445013,82.03765205758813,13.123022393453706,1584.812208892818,1.7227300567195087,0
2023-01-21 12:00:00,22.38684153823809,72.50177860290208,10.064008298131533,1405.2321305858168,2.267059523337436,0
2023-01-21 13:00:00,17.69357899335868,80.22079970182033,8.493164259307633,1497.1095458243442,2.310574800417126,1
2023-01-21 14:00:00,29.615620386348287,71.84828770015702,10.919944285878232,1609.25684960074,1.4461436413285718,1
2023-01-21 15:00:00,24.694550218423295,70.80844630561802,8.644569260495787,1501.2844539621876,1.721146741942277,0
2023-01-21 16:00:00,16.81376922836772,67.11668269291106,14.026774495053246,1412.7228218946864,1.5510412234729762,0
2023-01-21 17:00:00,21.04830660958196,75.16299837345846,10.273070662165475,1478.0780392148338,1.8049928196779306,0
2023-01-21 18:00:00,17.621908733076214,39.51630631758442,9.269356897375783,1482.327408158933,1.9749686090628917,0
2023-01-21 19:00:00,15.08600134517832,82.85224555193571,10.369360611729817,1425.9977940235744,1.565106434090441,1
